Title,Author,Type,Genre,Image
Case Closed Haunting at the Hotel,Lauren Magaziner,Fiction,Mystery,/static/images/mystery.jpeg

The Hobbit,J.R.R. Tolkien,Fiction,Fantasy,/static/images/thehobbit.jpg
Call of the Sirens,KB Benson,Fiction,Fantasy,/static/images/callofthesirens.jpeg
Realm of Ruins,Hannah West,Fiction,Fantasy,/static/images/realmofruins.jpeg
Story Thieves,James Riley,Fiction,Fantasy,/static/images/storythieves.avif

Book 4,Author 4,Non-fiction,thriller,/static/images/thriller.jpeg

Me Before You,Jojo Moyes,Non-fiction,Romance,/static/images/mebeforeyou.jpeg
The Notebook,Nicholas Sparks,Fiction,Romance,/static/images/thenotebook.jpeg
Pride and Prejudice,Jane Austen,Fiction,Romance,/static/images/prideandprejudice.jpeg
The Time Traveller's Wife,Audrey Nifenegger,Fiction,Romance,/static/images/timetravellerswife.webp

Those Eyes,Raymond Bekham,Fiction,Horror,/static/images/thoseeyes.jpg
The Orphans,Mike Evans,Fiction,Horror,/static/images/theorphans.jpeg


The Great Adventures of Sherlock Holmes,Sir Arthur Conan Doyle,Fiction,Adventure,/static/images/sherlockholmes.jpeg
The Adventurers Guild,Zack Loran Clark and Nick Eliopulos,Fiction,Adventure,/static/images/TheAdventurersGuild.jpg


Hyperbole and a Half,Allie Brosh,Non-fiction,Comedy,/static/images/hyperbole.jpeg
The Bridget Jones's Diary,Helen Fielding Brosh,Fiction,Comedy,/static/images/hyperbole.jpeg



